timestamp,edges_intersection_rate,lci_intersection_rate,median_intersection_rate,uci_intersection_rate,matched_paths,total_paths
20190121,0.9616427859934105,0.8790028740329083,0.9616427859934105,1.0,728.5,742.0
20190123,0.9900243793223543,0.9280804818435754,0.9900243793223543,1.0,687.5,696.0
20190128,0.8006549883833143,0.586115929346439,0.8006549883833143,0.9461991643454039,610.0,748.5
20190129,0.9686137214559283,0.7655307891959728,0.9686137214559283,0.999294205052006,675.5,701.5
20190130,0.8536421911421912,0.614941981677447,0.8536421911421912,0.9746365125049621,592.0,687.0
20190220,0.7777648047158663,0.5308139939580405,0.7777648047158663,0.9237340619307832,422.0,574.5
20190225,0.8482654517170408,0.7475730652326398,0.8482654517170408,0.9309459805427547,1431.5,1723.5
20190226,0.9655817976671679,0.894140483249989,0.9655817976671679,1.0,1903.0,1954.5
20190227,0.8871425723144198,0.8054054676820466,0.8871425723144198,0.9632397785612667,1769.5,2000.5
20190228,0.963580429374045,0.8964884448860608,0.963580429374045,1.0,1939.0,2036.5
20190303,0.7343565329201944,0.6378882423415159,0.7343565329201944,0.8324888953544758,1734.5,2323.5
20190304,0.7421875310570735,0.6391804857356645,0.7421875310570735,0.8437947356966675,2010.0,2664.0
20190306,0.8510758504994165,0.7629475144560763,0.8510758504994165,0.93712053497861,2361.0,2767.0
20190311,0.8520063759776191,0.7688574696562177,0.8520063759776191,0.9134529389616662,2409.0,2882.0
20190312,0.9784227727447103,0.9313521364438547,0.9784227727447103,1.0,2664.5,2756.0
20190313,0.9628292209440767,0.9046853691901464,0.9628292209440767,0.9983253346946446,2673.0,2800.0
20190314,0.8054263006562357,0.7085665616866565,0.8054263006562357,0.8806645825793378,2214.5,2743.5
20190317,0.5866459404031727,0.4718054231717338,0.5866459404031727,0.6879897908327868,1620.0,2739.0
20190318,0.6152368817497598,0.5207043422300501,0.6152368817497598,0.7407549770989171,1592.0,2569.5
20190428,0.7418339387186978,0.6322540941504132,0.7418339387186978,0.863221693407598,1842.5,2498.0
20190429,0.8818946770623448,0.8244553535652406,0.8818946770623448,0.9372511558726949,2616.0,2987.0
20190501,0.9664394618719763,0.9062763706565327,0.9664394618719763,0.9980793694987612,2843.0,2949.5
20190506,0.8739818346957311,0.7833608994607687,0.8739818346957311,0.9451250674967369,2558.0,2965.5
20190507,0.9616294576601789,0.9074585664436262,0.9616294576601789,1.0,2644.5,2755.0
20190508,0.8995562382659157,0.8060367355688333,0.8995562382659157,0.949798666818297,2446.5,2768.0
20190509,0.782090933121861,0.6959088110571161,0.782090933121861,0.8636834796538237,2148.5,2717.5
20190617,0.3885012583249427,0.28676163928393983,0.3885012583249427,0.5163977971765615,1037.5,2647.0
20190618,0.9835825145782161,0.9339442985467494,0.9835825145782161,0.9994749512657728,2849.5,2920.0
20190619,0.9900702131138621,0.9421475800417757,0.9900702131138621,1.0,2869.5,2906.5
20190620,0.9873082928112449,0.9204551661103163,0.9873082928112449,1.0,2851.5,2885.5
20190623,0.6705384327055911,0.5600152623234501,0.6705384327055911,0.7569686205562732,1894.0,2891.0
20190624,0.7827507935102872,0.6977161672065898,0.7827507935102872,0.8779612663657342,2178.0,2758.5
20190626,0.8315018265207419,0.7184118421052632,0.8315018265207419,0.8952935457259584,2281.5,2734.5
20190715,0.7286646035506921,0.5926189070300751,0.7286646035506921,0.8535645613356174,1937.0,2693.5
20190716,0.9871182709188939,0.9267214751481069,0.9871182709188939,1.0,2747.5,2813.0
20190717,0.9957393200111646,0.9555540376802641,0.9957393200111646,1.0,2789.5,2816.5
20190718,0.9951243357716179,0.9300584203799198,0.9951243357716179,1.0,2828.5,2856.5
20190721,0.8771930133088803,0.7836314406846692,0.8771930133088803,0.9519460221691917,2460.5,2823.0
20190722,0.9321377884066748,0.8493985505976376,0.9321377884066748,0.9766335325750904,2660.5,2859.0
20190724,0.9523847291018628,0.8946059051744657,0.9523847291018628,0.9953300321023782,2678.0,2847.0
20190729,0.9189319240256875,0.8603486092648792,0.9189319240256875,0.9788109915015807,2670.0,2909.5
20190730,0.9700329851066956,0.9140947717269545,0.9700329851066956,0.9964738842529447,2714.0,2789.0
20190731,0.9533896209996546,0.8954587745040107,0.9533896209996546,0.9948812149388607,2693.5,2842.0
20190801,0.9668239467764653,0.8920243749186276,0.9668239467764653,0.9990766782554921,2656.0,2752.5
20190804,0.8266979281856164,0.7017024390393058,0.8266979281856164,0.903781582902183,2260.0,2802.5
20190805,0.9402769594911922,0.8641804684936658,0.9402769594911922,0.9810807585451373,2723.5,2911.5
20190807,0.950024692380312,0.8847518784156696,0.950024692380312,0.9955214344763994,2715.0,2863.5
20190812,0.3857603576649916,0.29868124633353554,0.3857603576649916,0.4975570880273912,1111.5,2895.5
20190813,0.9874714057871952,0.9288119929882245,0.9874714057871952,1.0,2780.0,2843.5
20190814,0.9681502042361254,0.9149967326479377,0.9681502042361254,1.0,2833.0,2892.0
20190815,0.3721733181240108,0.28676729324910355,0.3721733181240108,0.46776490348675315,1061.5,2838.5
20190818,0.42809004565024555,0.313156939996629,0.42809004565024555,0.5357109309692464,1251.0,2874.5
20190819,0.9727584018023978,0.8974402635947483,0.9727584018023978,0.9979276824379045,2749.0,2837.5
20190821,0.9542693514058473,0.8814173263100801,0.9542693514058473,1.0,2645.5,2767.5
20190826,0.9364330687106488,0.8534517815240656,0.9364330687106488,0.9933296692890442,2558.0,2740.0
20190827,0.9733515910405004,0.8946504653377675,0.9733515910405004,1.0,2627.0,2683.5
20190828,0.16937682515859032,0.10269773524322214,0.16937682515859032,0.25130624626974013,460.5,2709.0
20190829,0.9135822076841514,0.8300918234976463,0.9135822076841514,0.9646288743387127,2491.5,2707.5
20190901,0.7324598859491946,0.6062676357034481,0.7324598859491946,0.8587059643614804,2006.0,2745.0
20190902,0.8448761478014053,0.7337792986319509,0.8448761478014053,0.9255448495422549,2252.0,2701.5
20190904,0.671661659264042,0.5543508392427252,0.671661659264042,0.7905010085732153,1770.0,2651.0
20190909,0.3774537926525055,0.268460502736367,0.3774537926525055,0.47825411170193943,1006.5,2719.5
20190910,0.9738560414608803,0.9285159174638326,0.9738560414608803,0.9994794802327915,2754.0,2808.0
20190911,0.9340707636927972,0.8718028101929031,0.9340707636927972,0.9967782726348817,2527.5,2746.0
20190912,0.9540960989655323,0.8958520036613721,0.9540960989655323,0.9909873821830344,2608.5,2758.0
20190915,0.765083390401187,0.6544960199925953,0.765083390401187,0.8573383892151587,2146.5,2815.0
20190916,0.89283575766892,0.7904287772994868,0.89283575766892,0.955332068773571,2436.0,2763.0
20190918,0.8095535907162097,0.7146932543016734,0.8095535907162097,0.8969350595292387,2249.0,2764.5
20190923,0.4625792020609943,0.33100072536799435,0.4625792020609943,0.5835584151629378,1284.5,2753.5
20190924,0.5902635459171355,0.47372946252906806,0.5902635459171355,0.730785043246083,1659.0,2765.5
20190925,0.9015189045705077,0.8252323581606937,0.9015189045705077,0.9566876056741234,2463.5,2739.0
20190926,0.949768139043139,0.8906251814147448,0.949768139043139,0.9894771687122945,2614.5,2769.0
20190929,0.6445834015052356,0.5315886294383134,0.6445834015052356,0.7502054215602169,1783.5,2764.0
20190930,0.9058442291172231,0.8164295022152723,0.9058442291172231,0.9616154591645812,2422.0,2700.0
20191002,0.9322126108596349,0.8557063004775424,0.9322126108596349,0.9865652579935377,2533.5,2750.5
20191007,0.4541039348981427,0.3633955851096442,0.4541039348981427,0.5464914314966364,1226.0,2662.0
20191008,0.969665010634583,0.9248740002919688,0.969665010634583,0.9939402608253415,2621.0,2719.0
20191009,0.9945756467585134,0.9470652199651823,0.9945756467585134,1.0,2617.5,2656.5
20191010,0.9453001873327652,0.8954356199367817,0.9453001873327652,0.9908850187665776,2529.5,2650.0
20191013,0.8583532468523156,0.7687670079312415,0.8583532468523156,0.9244725773148798,2319.5,2722.5
20191014,0.7025808761012952,0.6244574167561852,0.7025808761012952,0.7991839741976786,1953.0,2768.0
20191016,0.6336588390690239,0.5121489026905242,0.6336588390690239,0.7322836898360745,1695.5,2708.5
20191021,0.6390858151005753,0.5076952909115838,0.6390858151005753,0.7460889590724237,1800.5,2830.5
20191022,0.9121548611408139,0.860715758970697,0.9121548611408139,0.9624563502996576,2465.5,2702.0
20191023,0.9699153047390612,0.9204409793479743,0.9699153047390612,0.9887513551874217,2621.0,2734.5
20191024,0.6474111155328215,0.5040412084720086,0.6474111155328215,0.7526472025241671,1742.5,2745.0
20191027,0.7594108311200363,0.6700551198389754,0.7594108311200363,0.8478048414927203,2065.0,2775.0
20191028,0.707123238616834,0.6149975056959027,0.707123238616834,0.780582047398557,1921.0,2764.0
20191030,0.68180995562806,0.572862691347673,0.68180995562806,0.7769072939597266,1902.5,2778.5
20191104,0.7306261963298492,0.6543047889744522,0.7306261963298492,0.7997353138861573,2080.5,2796.5
20191105,0.7742536006829455,0.6636089247075795,0.7742536006829455,0.873641297275844,2154.0,2808.5
20191106,0.962767561452743,0.9145744364972331,0.962767561452743,0.9993438750143606,2680.0,2771.0
20191107,0.9770910202691905,0.9120120416966212,0.9770910202691905,0.9987375067855228,2766.5,2830.0
20191110,0.8067539497262065,0.6836697860448985,0.8067539497262065,0.8759093590558702,2210.0,2737.5
20191111,0.8973489845459095,0.8020442615488602,0.8973489845459095,0.9719285155626807,2441.5,2742.5
20191113,0.7626223468789617,0.6640527569238133,0.7626223468789617,0.8606862241000279,2043.5,2704.0
20191118,0.3474992997416825,0.27089600556168486,0.3474992997416825,0.461024133730668,923.0,2700.5
20200127,0.4382348801366248,0.33548314014172625,0.4382348801366248,0.5384163262990697,1266.0,2888.0
20200128,0.9414380353982691,0.8877746429540077,0.9414380353982691,0.9963801129458161,3014.5,3181.0
20200129,0.991380348061861,0.9570800284534223,0.991380348061861,1.0,3172.0,3194.5
20200130,0.9688526144401366,0.9156471669359609,0.9688526144401366,0.9993509586186343,3121.0,3232.5
20200202,0.8195694317605593,0.7409805014583669,0.8195694317605593,0.9010994805731495,2614.5,3195.0
20200203,0.8945339510957842,0.8122274612422238,0.8945339510957842,0.955992304455803,2482.5,2726.5
20200205,0.9543132432691326,0.8751084829261709,0.9543132432691326,0.9877581493183583,2590.0,2736.5
20200210,0.8480708100918675,0.7499452824423674,0.8480708100918675,0.9291277463904583,2300.5,2716.0
20200211,0.9603666849386657,0.880894376830161,0.9603666849386657,0.9970885217050196,2660.5,2773.5
20200212,0.9929724736446511,0.9602553783406192,0.9929724736446511,1.0,2759.0,2783.0
20200213,0.9848680055576607,0.9383283571233338,0.9848680055576607,1.0,2769.0,2854.5
20200216,0.880133579490594,0.7900364113498443,0.880133579490594,0.9409738567039492,2481.5,2817.0
20200217,0.8783820346320346,0.7902375412731322,0.8783820346320346,0.9412557522390161,2489.0,2822.0
20200219,0.6137660101173179,0.5084256989348698,0.6137660101173179,0.6998491790000659,1736.0,2847.5
20200224,0.8844652994028251,0.7984424875658823,0.8844652994028251,0.9489003784841081,2472.0,2814.0
20200225,0.9520325114221921,0.88412703706174,0.9520325114221921,0.9992365798778527,2621.0,2764.0
20200226,0.9269568695113218,0.8566603750512796,0.9269568695113218,0.9885337970507305,2610.0,2807.0
20200227,0.8336772783021382,0.7354337322751022,0.8336772783021382,0.9270940352452185,2313.5,2783.5
20200301,0.805543031203629,0.6885187048589893,0.805543031203629,0.9015109646953835,2220.5,2783.0
20200302,0.7622148052650137,0.6556418406908504,0.7622148052650137,0.8498642059792139,2039.5,2717.0
20200304,0.9359296239422485,0.8594767280315833,0.9359296239422485,0.9779264743103012,2580.0,2789.5
20200309,0.859094203881245,0.771608465554351,0.859094203881245,0.9335354805144214,2304.5,2736.0
20200310,0.9701074963009897,0.9146463678493394,0.9701074963009897,0.9998380497783839,2588.5,2675.0
20200311,0.9810396328665488,0.936140850780697,0.9810396328665488,1.0,2625.0,2658.5
20200312,0.9793304049824718,0.8993349788786222,0.9793304049824718,1.0,2614.5,2680.0
20200315,0.8221952036423346,0.7209799983036341,0.8221952036423346,0.8997708030890051,2175.0,2680.0
20200316,0.9022235987696514,0.8274148773435097,0.9022235987696514,0.9537939655172414,2339.5,2616.0
20200318,0.8530594107495324,0.7688025685728486,0.8530594107495324,0.9373018700127324,2252.5,2641.5
20200323,0.8217391304347826,0.7203382040852868,0.8217391304347826,0.9084119076485038,2291.0,2799.5
20200324,0.9809508822027451,0.9248190125949108,0.9809508822027451,1.0,2655.5,2744.5
20200325,0.9991458509768743,0.9482076189883543,0.9991458509768743,1.0,2761.5,2775.5
20200326,0.9512554279252903,0.8874062123153801,0.9512554279252903,0.981807052325289,2567.5,2731.0
20200329,0.8051396731091998,0.6875015664160402,0.8051396731091998,0.8808806867161976,2079.0,2594.5
20200330,0.8441921406006161,0.7494046391752577,0.8441921406006161,0.9035017291946641,2208.5,2617.5
20200401,0.9612573599863703,0.8998314285763124,0.9612573599863703,0.9962435302381162,2554.5,2712.5
20200406,0.758736989009711,0.6557772789585659,0.758736989009711,0.867392327352479,2014.5,2666.0
20200407,0.9323596808550549,0.8585176812655105,0.9323596808550549,0.9791996855571363,2475.0,2665.0
20200408,1.0,0.9536529280063195,1.0,1.0,2566.0,2608.0
20200409,0.8353304958346975,0.737407200847518,0.8353304958346975,0.9066972034976374,2150.5,2579.0
20200412,0.7403404662634078,0.6312056219532438,0.7403404662634078,0.8414939755981607,1947.0,2667.0
20200413,0.8883341167009446,0.822310105710972,0.8883341167009446,0.9508112846547873,2339.0,2635.5
20200415,0.8940726132315389,0.8417633940264775,0.8940726132315389,0.9415701505548782,2311.0,2632.0
20200420,0.8771216945867368,0.7699451002815273,0.8771216945867368,0.9426728993979786,2258.0,2598.5
20200421,0.979576355183799,0.923330048982659,0.979576355183799,0.999642365694264,2553.5,2619.5
20200422,0.9676398359674647,0.9079112533558688,0.9676398359674647,0.9976447331199944,2532.0,2640.5
20200423,0.9921497939758597,0.9528598158420297,0.9921497939758597,1.0,2660.5,2681.5
20200426,0.7514627010226307,0.6448497994507496,0.7514627010226307,0.8493998170142809,1982.0,2648.5
20200427,0.9037457503642545,0.8211418023783019,0.9037457503642545,0.9446179579673777,2328.0,2599.5
20200429,0.8799420155579442,0.803725472851261,0.8799420155579442,0.9443147313213103,2323.5,2615.5
20200504,0.7811549786795242,0.6732600426409039,0.7811549786795242,0.8621783171991081,2100.5,2685.5
20200505,0.9837553334830451,0.9401237291814487,0.9837553334830451,1.0,2571.5,2630.5
20200506,0.9239639665641528,0.8351929440109898,0.9239639665641528,0.9836721935589072,2433.5,2647.5
20200507,0.9627512451085023,0.9110689021066118,0.9627512451085023,0.9943581738345332,2465.0,2593.5
20200510,0.7787654005711497,0.6696741128835139,0.7787654005711497,0.8803208882216301,1992.0,2541.5
20200511,0.8913837468315539,0.802498769831911,0.8913837468315539,0.9520563835887034,2268.0,2585.5
20200513,0.9449144116107665,0.8736832733543259,0.9449144116107665,0.9876645707413465,2444.5,2602.0
20200518,0.8934548301623073,0.7884312411087381,0.8934548301623073,0.9482880545380545,2302.0,2576.0
20200519,0.9922195469948278,0.9459036422924851,0.9922195469948278,1.0,2537.0,2578.5
20200520,0.9998355263157894,0.9617399205769094,0.9998355263157894,1.0,2530.0,2553.0
20200521,0.9494555186157176,0.8651199515142686,0.9494555186157176,0.9997948164146868,2448.0,2566.0
20200524,0.6956964891149631,0.5820441719480163,0.6956964891149631,0.7991979362101314,1819.0,2635.5
20200525,0.8447454772483085,0.7386076873970495,0.8447454772483085,0.9324054740930715,2109.0,2564.5
20200527,0.9190205372766955,0.8248060634417891,0.9190205372766955,0.9705794226099544,2431.5,2657.0
20200601,0.7721716464556008,0.6570843528154938,0.7721716464556008,0.8726567871112659,1996.0,2588.0
20200602,0.8811278979739909,0.8080449274937694,0.8811278979739909,0.9478994538992067,2134.0,2458.5
20200603,0.9960407288152394,0.9614916709075487,0.9960407288152394,1.0,2467.0,2499.5
20200604,0.3431776120257677,0.2546545999352122,0.3431776120257677,0.4623932005754524,956.5,2750.0
20200610,0.7729377550692502,0.6534681132263996,0.7729377550692502,0.857150000718205,2092.5,2692.5
20200615,0.8567389548773512,0.758696294422859,0.8567389548773512,0.9244566140519029,2298.5,2676.5
20200616,0.9796493152782497,0.9388462072819687,0.9796493152782497,0.9998397435897436,2576.5,2616.5
20200617,0.9868629559468738,0.9236711429088708,0.9868629559468738,1.0,2620.5,2685.0
20200618,0.9985253802191258,0.9554521619603584,0.9985253802191258,1.0,2681.0,2681.0
20200621,0.8358609707841194,0.7210276426448401,0.8358609707841194,0.9129904664788384,2196.0,2679.0
20200622,0.8438625403500206,0.7608894712899433,0.8438625403500206,0.9254169495829819,2253.5,2658.5
20200624,0.849159367764019,0.7429361078454599,0.849159367764019,0.923548823003426,2236.5,2630.5
20200629,0.5196495736792086,0.3978095084122827,0.5196495736792086,0.6362303099118355,1366.0,2624.5
20200630,0.7317675142473558,0.6218136697828883,0.7317675142473558,0.8232055611175697,1896.0,2680.5
20200701,0.8785738153415616,0.8019850298961287,0.8785738153415616,0.9494149681656188,2310.0,2634.5
20200702,0.933826636056361,0.8454582218088775,0.933826636056361,0.9763773189176416,2430.5,2629.0
20200705,0.8002483637523046,0.7015073096025395,0.8002483637523046,0.8891387566648083,2052.5,2582.5
20200706,0.9177493631711702,0.8190620063597078,0.9177493631711702,0.9732434944237918,2435.5,2642.5
20200708,0.953667266290092,0.8878127656590975,0.953667266290092,0.998237608079995,2506.0,2625.0
20200713,0.6384535671582303,0.5095597867310708,0.6384535671582303,0.7081154684095861,1626.5,2591.0
20200714,0.8918597409347319,0.8164095785440614,0.8918597409347319,0.9628066141185994,2288.0,2598.5
20200715,0.9704670128523513,0.9147390141707638,0.9704670128523513,1.0,2503.5,2572.0
20200716,0.9864940296525975,0.9338232290502794,0.9864940296525975,1.0,2547.0,2588.5
20200719,0.7892470681547787,0.6824333732966651,0.7892470681547787,0.8677284586311785,2026.0,2560.0
20200720,0.9095300956585725,0.8001396370513196,0.9095300956585725,0.9620829538586083,2372.0,2651.5
20200722,0.9179034897960623,0.8411782645738474,0.9179034897960623,0.9789346818242831,2363.5,2587.0
20200727,0.767179635005095,0.68112206861304,0.767179635005095,0.8455093751421972,1969.5,2564.0
20200728,0.9138830978625669,0.8338079767444843,0.9138830978625669,0.9579072746274596,2360.5,2575.0
20200729,0.984004939136204,0.9459416863672183,0.984004939136204,0.999553250897487,2530.5,2584.5
20200730,0.9873160804858807,0.928158987454563,0.9873160804858807,1.0,2530.5,2580.5
20200802,0.7566386048321683,0.6254167078880098,0.7566386048321683,0.8610149584863598,1907.0,2532.5
20200803,0.8912484328212789,0.7923248848918255,0.8912484328212789,0.9680496883761501,2317.0,2580.0
20200805,0.8785064370388815,0.8065882657761401,0.8785064370388815,0.9567881349549513,2259.5,2555.0
20200810,0.8078722069739646,0.7052919598392502,0.8078722069739646,0.8925305090622976,2098.0,2534.0
20200811,0.752866368297409,0.6452852247693119,0.752866368297409,0.8488875239985681,1932.5,2557.0
20200812,0.934188588208736,0.857525966911774,0.934188588208736,0.9883810106094812,2447.5,2604.5
20200813,0.9893646124687581,0.9411757844027442,0.9893646124687581,1.0,2524.5,2585.5
20200816,0.8267668758383921,0.7274054304464109,0.8267668758383921,0.9053448983818297,2163.5,2589.5
20200817,0.8772100265226863,0.7985314082919162,0.8772100265226863,0.9602162455860541,2249.0,2566.5
20200819,0.7873324834012116,0.6814491130168909,0.7873324834012116,0.8633238597579076,2053.0,2641.5
20200824,0.7351230136371718,0.6362980769230769,0.7351230136371718,0.8275876389373864,1931.5,2636.5
20200825,0.7404949386397075,0.6283909060050212,0.7404949386397075,0.8464988365032424,1878.0,2529.0
20200826,0.9646934905226938,0.8935246087850968,0.9646934905226938,1.0,2443.5,2556.0
20200827,0.9568941464420504,0.8996436743379894,0.9568941464420504,0.9845413506376693,2389.0,2525.5
20200830,0.5924862027698117,0.4808336457867173,0.5924862027698117,0.7130107573108632,1536.5,2617.0
20200831,0.8927936769393388,0.8082654695992489,0.8927936769393388,0.9516155613242983,2256.0,2539.5
20200902,0.8572306869820904,0.7826090076544561,0.8572306869820904,0.9331846267639015,2213.5,2600.0
20200907,0.6495750427364237,0.5650125790382906,0.6495750427364237,0.7470296269814458,1684.0,2573.0
20200908,0.8461249161810402,0.7420297424454331,0.8461249161810402,0.9174136616040378,2187.5,2635.0
20200909,0.7776668507783029,0.6921448578345479,0.7776668507783029,0.8844403049759229,2013.0,2562.0
20200910,0.7969426285015639,0.7063794583321511,0.7969426285015639,0.875613833957114,2013.0,2575.0
20200913,0.6217742775994053,0.5123937786763287,0.6217742775994053,0.7420536064288514,1641.5,2559.5
20200914,0.86892950166514,0.7922167548024127,0.86892950166514,0.9323172821323739,2298.0,2653.0
20200916,0.7344724453060094,0.6440636458599812,0.7344724453060094,0.8281251919651084,1824.0,2573.5
20200921,0.6794042033088167,0.5794732433642158,0.6794042033088167,0.7784178254718608,1755.5,2557.5
20200922,0.7490026955565051,0.6431432105210819,0.7490026955565051,0.825986456981932,1983.5,2615.5
20200923,0.9554352124222405,0.8844858754450045,0.9554352124222405,0.9926366565168252,2413.5,2533.0
20200924,0.900797273991323,0.8018849457659166,0.900797273991323,0.9605849450265747,2289.5,2509.0
20200927,0.7421136859197006,0.6641871819930504,0.7421136859197006,0.8576230594735521,1908.0,2564.5
20200928,0.7895436745894435,0.670708215795285,0.7895436745894435,0.8686631577238016,2063.0,2610.5
20200930,0.6270775654090561,0.5640277705407835,0.6270775654090561,0.7399135776036664,1660.0,2592.0
20201005,0.8929642711588099,0.8061119068259771,0.8929642711588099,0.9552044993559997,2300.5,2580.0
20201006,0.8282066631532905,0.7353512542725295,0.8282066631532905,0.9119126338331283,2163.5,2618.0
20201007,0.8492642701658607,0.765706918211271,0.8492642701658607,0.9282620235423973,2241.5,2678.0
20201008,0.9421419229509309,0.8595200117763779,0.9421419229509309,0.9918605730193712,2462.5,2619.0
20201011,0.7702018336224179,0.6638194662610162,0.7702018336224179,0.8524546522504065,1985.0,2672.5
20201012,0.941012402002277,0.8743916580940803,0.941012402002277,0.985056299503289,2453.0,2592.0
20201014,0.9134752578369107,0.8364742808798648,0.9134752578369107,0.9732013898285891,2451.5,2674.5
20201019,0.7718547690979716,0.687375119717682,0.7718547690979716,0.8657897981480338,2001.0,2579.0
20201020,0.9459890993670936,0.8691309664745599,0.9459890993670936,0.9912924790988109,2507.0,2695.0
20201021,0.8819736213111085,0.7978886254929932,0.8819736213111085,0.9504090932372393,2342.5,2648.0
20201022,0.9494594828382295,0.8745948035879988,0.9494594828382295,0.996984034237999,2507.0,2650.0
20201025,0.6994437444965196,0.5875669067306838,0.6994437444965196,0.8010962324103496,1849.5,2663.0
20201026,0.8699099080455013,0.8102283556681262,0.8699099080455013,0.9379088358810546,2317.5,2712.5
20201102,0.5741596973546469,0.4261734768806697,0.5741596973546469,0.6734174535861692,1539.5,2690.5
20201103,0.8924829952178692,0.8021387827765225,0.8924829952178692,0.9643410282390792,2297.5,2554.5
20201104,0.9407752905115485,0.8709020194097086,0.9407752905115485,0.9938372766572846,2454.0,2610.0
20201105,0.9717701911112975,0.9217212650105191,0.9717701911112975,0.9972457235794673,2487.5,2541.0
20201108,0.8043242852746693,0.7277987363124897,0.8043242852746693,0.8803131365796877,2067.5,2569.5
20201109,0.644626034313429,0.555554544599324,0.644626034313429,0.7385642533240083,1642.5,2560.5
20201117,0.6070102821410921,0.482921538815417,0.6070102821410921,0.7271082100250393,1516.5,2492.5
20201118,0.9416101259039226,0.8647571801273809,0.9416101259039226,0.9930560840577061,2434.0,2592.0
20201119,0.8935154807026051,0.8280234890512581,0.8935154807026051,0.9647249695565654,2353.5,2609.5
20201122,0.6047479176587925,0.4443629182468034,0.6047479176587925,0.7105698138140971,1602.5,2625.0
20201123,0.8955892859515586,0.815996589320386,0.8955892859515586,0.9610341677776132,2415.0,2686.5
20201201,0.5701127387697521,0.45498780255580207,0.5701127387697521,0.6790261265305209,1516.5,2650.5
20201202,0.9493689879942306,0.8638235575730776,0.9493689879942306,0.9902845263982162,2475.0,2642.5
20201203,0.9145937297001607,0.8499643385356924,0.9145937297001607,0.9600556856068667,2407.5,2657.0
20201206,0.8054390654364608,0.6854207876466534,0.8054390654364608,0.8971336176522149,2066.0,2590.5
20201207,0.8957640878460355,0.8104117497802578,0.8957640878460355,0.9615565164253176,2282.0,2573.5
20201215,0.8642786009757168,0.7658117410567424,0.8642786009757168,0.9318544141976236,2293.0,2666.0
20201216,0.9615411922662738,0.8817555736431071,0.9615411922662738,0.9950413222621521,2546.0,2678.5
20201220,0.7093148487426686,0.623321271534023,0.7093148487426686,0.7922872730886232,1908.5,2674.0
20201221,0.8655187202589351,0.761919908625225,0.8655187202589351,0.9605145111465683,2248.5,2604.5
20201229,0.47493715393838487,0.3471501280458238,0.47493715393838487,0.5880770462600627,1229.5,2654.0
20201230,0.9597830374753451,0.8809959071122596,0.9597830374753451,0.9938610899136886,2502.5,2642.0
20210103,0.7496996794453712,0.6576582017692337,0.7496996794453712,0.8438906364822507,2004.5,2680.0
20210104,0.8945636198703932,0.8097137642455101,0.8945636198703932,0.965673676408143,2373.0,2663.0
20210112,0.6593355466690806,0.5184411914877011,0.6593355466690806,0.758704941910925,1756.5,2707.5
20210113,0.9628055292320745,0.9067840682892794,0.9628055292320745,0.9980626981430207,2606.0,2714.0
20210117,0.6366629418583063,0.553910579951027,0.6366629418583063,0.7333900742411762,1734.5,2753.0
20210126,0.3395918940402448,0.24290422748783325,0.3395918940402448,0.4642940663652072,942.5,2800.5
20210127,0.9442201045620358,0.8706186569108472,0.9442201045620358,0.9908081108588429,2708.0,2860.5
20210131,0.6564282922287452,0.5607723338434292,0.6564282922287452,0.7549441135516749,1785.5,2729.0
20210209,0.663168291668592,0.5549419233679594,0.663168291668592,0.7536020326011177,1849.5,2809.0
20210210,0.7045082841854247,0.5860363097843109,0.7045082841854247,0.804186989308371,1979.5,2861.5
20210214,0.7603436449382143,0.6738136596007182,0.7603436449382143,0.858095709654452,2173.5,2888.0
20210223,0.564563700306933,0.4643314435967737,0.564563700306933,0.6559802379222359,1632.5,2879.5
20210224,0.7353364412691219,0.6358123300829518,0.7353364412691219,0.7936515321672463,2223.5,3023.5
20210228,0.6721991263652454,0.5623186883678056,0.6721991263652454,0.7724667220006748,1913.0,2928.0
20210309,0.6176669829631184,0.4941166270588977,0.6176669829631184,0.7080323849064478,1826.0,2956.5
20210310,0.9064992044563183,0.8379851056459993,0.9064992044563183,0.9475754757528222,2641.0,2916.5
20210314,0.7799270878727649,0.6721317719715437,0.7799270878727649,0.8699473633637185,2323.5,3031.0
20210323,0.7656086661643382,0.6537664206615077,0.7656086661643382,0.8415904936174357,2330.0,3013.5
20210324,0.766869749872414,0.6762054481179386,0.766869749872414,0.8553815227342081,2344.5,3073.5
20210328,0.6483100268757737,0.5526743133793091,0.6483100268757737,0.7412442603981523,2044.5,3157.0
20210406,0.7155698508081956,0.6095553852240339,0.7155698508081956,0.8190576991339594,2206.0,3135.0
20210407,0.8476203032821195,0.7378662879909549,0.8476203032821195,0.92300357174354,2717.5,3145.5
20210411,0.740979618374954,0.6705342260064416,0.740979618374954,0.8307999697934627,2351.5,3197.0
20210420,0.427124641774992,0.34580709228753426,0.427124641774992,0.5368108918706032,1402.0,3242.0
20210421,0.8735366406638738,0.7970798782067894,0.8735366406638738,0.9536628909946365,2858.5,3230.5
20210425,0.7521277013661657,0.6727980620150068,0.7521277013661657,0.8457925583725489,2444.5,3200.5
20210504,0.6311090495177187,0.5330996972554808,0.6311090495177187,0.7224268943187646,2026.5,3242.5
20210505,0.9101591368873971,0.8402962012221653,0.9101591368873971,0.9844093511450381,3003.5,3278.5
20210509,0.7888194073381423,0.6833502819227381,0.7888194073381423,0.8599473472001292,2567.5,3297.0
20210518,0.6300923281934132,0.5052875149162055,0.6300923281934132,0.7166877485915617,2062.0,3304.0
20210519,0.8574898765123093,0.786161577989838,0.8574898765123093,0.9225392388470857,2846.5,3360.5
20210523,0.6468375116533892,0.558070709826029,0.6468375116533892,0.7181369087116588,2180.0,3390.0
20210601,0.6444303860008445,0.5527617293988235,0.6444303860008445,0.7446638569872084,2153.0,3350.5
20210602,0.9059481675454937,0.8353816718930426,0.9059481675454937,0.9562334800082906,3051.0,3398.5
20210606,0.7830920369315049,0.68547682546233,0.7830920369315049,0.8469223123038295,2634.0,3398.0
20210615,0.5194991516112133,0.431387283098111,0.5194991516112133,0.6056864918502901,1757.5,3383.0
20210616,0.9392429709600101,0.8935093153773597,0.9392429709600101,0.9776610593916106,3281.0,3495.5
20210620,0.6202460234312267,0.5239236574072723,0.6202460234312267,0.7037008938463728,2123.0,3411.0
20210629,0.7247430312866174,0.6149938830437974,0.7247430312866174,0.8114573488376593,2489.0,3466.0
20210630,0.9446692651779813,0.8785896525657226,0.9446692651779813,0.9793519608927835,3176.5,3347.5
20210704,0.4826399849442772,0.38772368668297014,0.4826399849442772,0.556419868318664,1627.0,3402.0
20210713,0.6885565742397137,0.5737740786322871,0.6885565742397137,0.7813531472297425,2351.5,3442.0
20210714,0.8910030143071668,0.8250300367926089,0.8910030143071668,0.9406025414524068,3063.0,3466.0
20210718,0.6877121536181066,0.5945644072487204,0.6877121536181066,0.7487185251798562,2362.5,3456.0
20210727,0.5072365833384019,0.4270371193423757,0.5072365833384019,0.6146116556684543,1769.5,3511.0
20210728,0.8843088203985021,0.8103978725041052,0.8843088203985021,0.9486451587347636,3078.5,3487.5
20210801,0.7955116326498481,0.7089221144838342,0.7955116326498481,0.8633257909688568,2855.0,3586.0
20210810,0.6146283145224571,0.523901928971744,0.6146283145224571,0.6963533100684316,2203.0,3576.0
20210811,0.6887718695448792,0.5948728118161926,0.6887718695448792,0.7784287184765826,2444.0,3587.0
20210815,0.6134248697802063,0.5297412667445004,0.6134248697802063,0.7073239231440973,2187.5,3625.5
20210824,0.6050086577238054,0.4880808219775557,0.6050086577238054,0.7110531295282674,2205.0,3675.5
20210825,0.8788431532333971,0.7817357170345133,0.8788431532333971,0.9304883339521177,3162.0,3653.0
20210829,0.37863387117510927,0.2985121196950481,0.37863387117510927,0.4682796802150108,1386.5,3644.5
20210907,0.5414860961022161,0.4402556505038845,0.5414860961022161,0.6554456609757743,1979.0,3745.0
20210908,0.6990351638705745,0.6325983343107305,0.6990351638705745,0.7834335540811648,2611.5,3736.5
20210912,0.5708221564032105,0.47900556240263165,0.5708221564032105,0.6765783669846597,2090.5,3637.5
20210921,0.7201887280424144,0.6052823963981225,0.7201887280424144,0.8118707273379809,2642.5,3707.0
20210926,0.5848758863614727,0.48822905589034626,0.5848758863614727,0.6789344083305,2155.5,3748.0
20211010,0.6712211577605323,0.5506955964972726,0.6712211577605323,0.7722141089533825,2440.5,3684.0
20220222,0.32596843150437754,0.2488417596069024,0.32596843150437754,0.4248305215766714,1183.5,3617.5
20220227,0.9035076948821416,0.8109890904834213,0.9035076948821416,0.9675697568164122,3206.0,3557.0
20220308,0.6357386015971276,0.5423133861910457,0.6357386015971276,0.7534687966389603,2329.0,3649.5
20220313,0.8213977455666017,0.7183916073661153,0.8213977455666017,0.9034033480732785,2978.5,3676.5
20220322,0.7171145520717644,0.6059582290923335,0.7171145520717644,0.8109395148669859,2543.0,3628.5
20220327,0.8418098550749815,0.7651124794959252,0.8418098550749815,0.9142944248862457,3131.0,3725.5
20220405,0.6504336203619943,0.5584643480903977,0.6504336203619943,0.7540564886449783,2446.5,3784.0
20220410,0.6165410749107473,0.507956232692995,0.6165410749107473,0.697741502821202,2279.5,3721.5
20220419,0.6378626113483319,0.5621939313636304,0.6378626113483319,0.7515109437843711,2399.5,3729.0
20220424,0.8009264940020387,0.7010797218855102,0.8009264940020387,0.8737289758651212,2961.0,3725.0
20220503,0.6713410268957518,0.5814576834082925,0.6713410268957518,0.774171288095334,2410.0,3621.5
20220508,0.7301285846035402,0.6291749989924066,0.7301285846035402,0.8216976843080581,2544.5,3475.0
20220517,0.5590609767948567,0.46458649456025186,0.5590609767948567,0.6650421972423908,2004.0,3490.0
20220522,0.721437427861801,0.6354089651417025,0.721437427861801,0.8144969663025711,2474.0,3450.0
20220531,0.5679908723738987,0.4599938267079691,0.5679908723738987,0.6773091826980864,1966.5,3540.5
20220605,0.7727636690875586,0.6961114052800247,0.7727636690875586,0.8728336947137263,2620.5,3435.0
20230604,0.33376464093031055,0.24134185095718158,0.33376464093031055,0.4343578023876474,1080.0,3273.5
20230618,0.5869653216038758,0.4680101838007725,0.5869653216038758,0.6888694769093067,1762.5,3030.0
20230702,0.5277896675490681,0.424297564354627,0.5277896675490681,0.6235902878797751,1811.0,3431.5
20230716,0.668840392195786,0.5767376986400049,0.668840392195786,0.7673590758522517,2158.5,3254.5
